ID,content
13309372-b97f-4056-b02c-8d2ce7c129cb,content-13309372
13309373-5c27-4032-b1c8-c6c67bfc76fd,content-13309373
13309374-fd78-43e7-a8a0-1d7961840d79,content-13309374
13309375-3518-4eac-ae81-785229dbba2f,content-13309375
13309376-0cab-4d34-a364-93395d750dd1,content-13309376
13309377-838b-45ab-be5b-834916044fd4,content-13309377
13309378-ad94-45ac-9aa5-1e0b7fa0cf21,content-13309378
13309379-0a4c-4f45-ac67-60e342155050,content-13309379
13309380-fda4-408f-8456-7defe8259174,content-13309380
13309381-2b0d-4ab9-8607-79aad04d40ae,content-13309381